rank_number,score_number,scoreunvoted_number,scorelikes_number,thumbnailmay_link,thumbnailmay_link/_text,thumbnailmay_link/_title,thumbnailmay_image,thumbnailmay_image/_alt,titlemay_link,titlemay_link/_text,titlemay_link/_title,titlemay_link_prices,linkflairlabel_value,label_1,domain_link,domain_link/_text,domain_link/_title,label_2,submitted_label,submitted_value,submitted_value_numbers,edited_value,by_label,by_link,by_link/_text,by_link/_title,userattrs_content,userattrs_link,userattrs_link/_text,userattrs_link/_title,to_label,to_link,to_link/_text,to_link/_title,bylinkmay_link,bylinkmay_link/_text,bylinkmay_link/_title,bylinkmay_link_numbers,share_label,loading_label
"1","5964","5965","5966","http://www.lisamcpherson.org/","","","https://b.thumbs.redditmedia.com/5S0UAjChKDfGRPc00AKU4AXO6noV6GYbdlDJEWrRhBU.jpg","","http://www.lisamcpherson.org/","TIL that in 1995 the Church of Scientology imprisoned, dehydrated and starved a mentally ill woman for 17 days until she died.","","","","(","https://www.reddit.com/domain/lisamcpherson.org/","lisamcpherson.org","",")","submitted","5 hours ago","5","","by","https://www.reddit.com/user/Seasunn","Seasunn","","","","","","to","https://www.reddit.com/r/todayilearned/","/r/todayilearned","","https://www.reddit.com/r/todayilearned/comments/4cgjl8/til_that_in_1995_the_church_of_scientology/","711 comments","","711","share","loading..."
"2","6586","6587","6588","http://i.imgur.com/kEMUs.png","","","https://b.thumbs.redditmedia.com/D--exp35ZVhQ8Stp06tetSCeVBAqA0xwKD2iqxV5j8I.jpg","","http://i.imgur.com/kEMUs.png","This is why it takes me so long to finish a game...","","","","(","https://www.reddit.com/domain/i.imgur.com/","i.imgur.com","",")","submitted","5 hours ago","5","","by","https://www.reddit.com/user/Avian81","Avian81","","","","","","to","https://www.reddit.com/r/gaming/","/r/gaming","","https://www.reddit.com/r/gaming/comments/4cggbv/this_is_why_it_takes_me_so_long_to_finish_a_game/","1189 comments","","1189","share","loading..."
"3","6263","6264","6265","","","","","","http://www.bbc.com/news/world-africa-35898715","Parents who fail to vaccinate their children in Uganda will face six months in jail.","","","","(","https://www.reddit.com/domain/bbc.com/","bbc.com","",")","submitted","7 hours ago","7","","by","https://www.reddit.com/user/tjeighty8","tjeighty8","","","","","","to","https://www.reddit.com/r/news/","/r/news","","https://www.reddit.com/r/news/comments/4cfzck/parents_who_fail_to_vaccinate_their_children_in/","1936 comments","","1936","share","loading..."
"4","6149","6150","6151","http://imgur.com/gallery/Z63E8/new","","","https://b.thumbs.redditmedia.com/_wChsbR9FJ5k4RCai5QqZ1DnQ2WLT0xgjGQt1WGYCWw.jpg","","http://imgur.com/gallery/Z63E8/new","UPDATE: 8 Months Ago, Reddit Convinced me to quit my job and pursue my passion. Last week, we just landed on the shelves of our first major supermarket chain. Thank you everyone for helping my dreams come true!","","","","(","https://www.reddit.com/domain/imgur.com/","imgur.com","",")","submitted","7 hours ago","7","","by","https://www.reddit.com/user/DaWustinator","DaWustinator","","","","","","to","https://www.reddit.com/r/pics/","/r/pics","","https://www.reddit.com/r/pics/comments/4cfyke/update_8_months_ago_reddit_convinced_me_to_quit/","1615 comments","","1615","share","loading..."
"5","5517","5518","5519","http://imgur.com/pka4iQT","","","https://b.thumbs.redditmedia.com/K2Jb7mTOKFHEAgoMpqqklum4rfD3KwcfrfRqL0EKbag.jpg","","http://imgur.com/pka4iQT","Finally figured out why my wife's new maternity dress looked familiar","","","","(","https://www.reddit.com/domain/imgur.com/","imgur.com","",")","submitted","7 hours ago","7","","by","https://www.reddit.com/user/JohnKFisher","JohnKFisher","","","","","","to","https://www.reddit.com/r/funny/","/r/funny","","https://www.reddit.com/r/funny/comments/4cg13d/finally_figured_out_why_my_wifes_new_maternity/","555 comments","","555","share","loading..."
"6","5746","5747","5748","http://www.intensions.co/news/2016/3/29/intensions-future-of-work","","","https://b.thumbs.redditmedia.com/gfJ6T7dg3Pt8xJgNj1xitR7j6AmvQ-qlIdF5JF6yswk.jpg","","http://www.intensions.co/news/2016/3/29/intensions-future-of-work","A quarter of Canadian adults believe an unbiased computer program would be more trustworthy and ethical than their workplace leaders and managers.","","","article","(","https://www.reddit.com/domain/intensions.co/","intensions.co","",")","submitted","7 hours ago","7","","by","https://www.reddit.com/user/nbadminton","nbadminton","","","","","","to","https://www.reddit.com/r/Futurology/","/r/Futurology","","https://www.reddit.com/r/Futurology/comments/4cfwtq/a_quarter_of_canadian_adults_believe_an_unbiased/","1187 comments","","1187","share","loading..."
"7","5702","5703","5704","http://i.imgur.com/nrEK4vo.gifv","","","https://b.thumbs.redditmedia.com/l9AsRVFx70wBQbVr0GhsY337-yCNywdsee3KqULjTpY.jpg","","http://i.imgur.com/nrEK4vo.gifv","Penguins","","","","(","https://www.reddit.com/domain/i.imgur.com/","i.imgur.com","",")","submitted","7 hours ago","7","","by","https://www.reddit.com/user/ThaiKarma","ThaiKarma","","","","","","to","https://www.reddit.com/r/gifs/","/r/gifs","","https://www.reddit.com/r/gifs/comments/4cfvek/penguins/","823 comments","","823","share","loading..."
"8","2610","2611","2612","https://www.reddit.com/r/announcements/comments/4ch0pv/updates_to_our_media_previews/","","","","","https://www.reddit.com/r/announcements/comments/4ch0pv/updates_to_our_media_previews/","Updates to our media previews","","","","(","https://www.reddit.com/r/announcements/","self.announcements","",")","submitted","3 hours ago","3","","by","https://www.reddit.com/user/powerlanguage","powerlanguage","","[A]","https://www.reddit.com/about/team","A","reddit admin, speaking officially","to","https://www.reddit.com/r/announcements/","/r/announcements","","https://www.reddit.com/r/announcements/comments/4ch0pv/updates_to_our_media_previews/","659 comments","","659","share","loading..."
"9","4947","4948","4949","https://www.youtube.com/watch?v=th9WjOogezQ","","","https://a.thumbs.redditmedia.com/3EF3yzrJo0nYNQzPzgyRLBcFOEEQXE51sCic2abTVl8.jpg","","https://www.youtube.com/watch?v=th9WjOogezQ","Star Wars: The Force Awakens - Casting Rey","","","Media","(","https://www.reddit.com/domain/youtube.com/","youtube.com","",")","submitted","7 hours ago","7","","by","https://www.reddit.com/user/fifthdayofmay","fifthdayofmay","","","","","","to","https://www.reddit.com/r/movies/","/r/movies","","https://www.reddit.com/r/movies/comments/4cfvod/star_wars_the_force_awakens_casting_rey/","2990 comments","","2990","share","loading..."
"10","5908","5909","5910","","","","","","http://www.theguardian.com/business/2016/mar/29/israel-passes-law-to-cap-bankers-salaries-pay-gap","Israel passes law to cap bankers' salaries: Israel has introduced one of the world’s toughest curbs on bank executives’ salaries in an effort to narrow a big pay gap between bosses and workers. It was approved in parliament overnight in a 56-0 vote and will take effect in six months.","","","","(","https://www.reddit.com/domain/theguardian.com/","theguardian.com","",")","submitted","9 hours ago","9","","by","https://www.reddit.com/user/Libertatea","Libertatea","","","","","","to","https://www.reddit.com/r/worldnews/","/r/worldnews","","https://www.reddit.com/r/worldnews/comments/4cfg28/israel_passes_law_to_cap_bankers_salaries_israel/","1487 comments","","1487","share","loading..."
"11","4086","4087","4088","http://arstechnica.com/tech-policy/2016/03/2-men-take-us-govt-ocean-science-buoy-now-want-to-sell-it-back-for-13000/","","","https://b.thumbs.redditmedia.com/3vlTwd7R3vyK6yUJnsgsEPXRG4FNWfRNsLQXN35fVsU.jpg","","http://arstechnica.com/tech-policy/2016/03/2-men-take-us-govt-ocean-science-buoy-now-want-to-sell-it-back-for-13000/","2 men take US gov’t ocean science buoy, now want to “sell” it back for $13,000","","13000","","(","https://www.reddit.com/domain/arstechnica.com/","arstechnica.com","",")","submitted","8 hours ago","8","","by","https://www.reddit.com/user/waitforit0","waitforit0","","","","","","to","https://www.reddit.com/r/nottheonion/","/r/nottheonion","","https://www.reddit.com/r/nottheonion/comments/4cfstz/2_men_take_us_govt_ocean_science_buoy_now_want_to/","707 comments","","707","share","loading..."
"12","5008","5009","5010","http://imgur.com/U2h8wRZ","","","https://a.thumbs.redditmedia.com/6hdbPimBrGm0fTvuyZB8lP4SulTsEOVptZgsAS4VcZ4.jpg","","http://imgur.com/U2h8wRZ","Harley does not approve of puppy jail","","","","(","https://www.reddit.com/domain/imgur.com/","imgur.com","",")","submitted","9 hours ago","9","","by","https://www.reddit.com/user/Feldeghast","Feldeghast","","","","","","to","https://www.reddit.com/r/aww/","/r/aww","","https://www.reddit.com/r/aww/comments/4cffqk/harley_does_not_approve_of_puppy_jail/","135 comments","","135","share","loading..."
"13","2068","2069","2070","https://www.reddit.com/r/IAmA/comments/4cgla5/we_are_jake_and_amir_comedians_our_new_web_series/","","","","","https://www.reddit.com/r/IAmA/comments/4cgla5/we_are_jake_and_amir_comedians_our_new_web_series/","We are Jake and Amir! Comedians. Our new web series ""Lonely and Horny"" is coming to Vimeo on April 8! Ask us anything.","","","Actor / Entertainer","(","https://www.reddit.com/r/IAmA/","self.IAmA","",")","submitted","5 hours ago","5","*","by","https://www.reddit.com/user/ImAmirBlumenfeld","ImAmirBlumenfeld","","","","","","to","https://www.reddit.com/r/IAmA/","/r/IAmA","","https://www.reddit.com/r/IAmA/comments/4cgla5/we_are_jake_and_amir_comedians_our_new_web_series/","1572 comments","","1572","share","loading..."
"14","5036","5037","5038","https://www.reddit.com/r/Showerthoughts/comments/4cf95u/most_of_the_sky_is_actually_below_your_feet/","","","","","https://www.reddit.com/r/Showerthoughts/comments/4cf95u/most_of_the_sky_is_actually_below_your_feet/","Most of the sky is actually below your feet.","","","","(","https://www.reddit.com/r/Showerthoughts/","self.Showerthoughts","",")","submitted","10 hours ago","10","","by","https://www.reddit.com/user/cya-KH","cya-KH","","","","","","to","https://www.reddit.com/r/Showerthoughts/","/r/Showerthoughts","","https://www.reddit.com/r/Showerthoughts/comments/4cf95u/most_of_the_sky_is_actually_below_your_feet/","1211 comments","","1211","share","loading..."
"15","3991","3992","3993","","","","","","https://www.reddit.com/r/explainlikeimfive/comments/4cffmh/eli5_why_is_indonesias_lung_cancer_rate_so_low/","ELI5: Why is Indonesia's lung cancer rate so low (58th) despite the incredibly high smoking rate there (80.2% of males)","","","","(","https://www.reddit.com/r/explainlikeimfive/","self.explainlikeimfive","",")","submitted","9 hours ago","9","","by","https://www.reddit.com/user/1HopHead","1HopHead","","","","","","to","https://www.reddit.com/r/explainlikeimfive/","/r/explainlikeimfive","","https://www.reddit.com/r/explainlikeimfive/comments/4cffmh/eli5_why_is_indonesias_lung_cancer_rate_so_low/","981 comments","","981","share","loading..."
"16","4532","4533","4534","http://i.imgur.com/r7tYMCY.jpg","","","https://b.thumbs.redditmedia.com/aKJ_3u1NitE8gxizEltMpc5WlQw7Ugut9qWKXmZpcOw.jpg","","http://i.imgur.com/r7tYMCY.jpg","A Mongolian Woman Condemned to Die of Starvation, 1913.","","","","(","https://www.reddit.com/domain/i.imgur.com/","i.imgur.com","",")","submitted","10 hours ago","10","","by","https://www.reddit.com/user/ethan_kahn","ethan_kahn","","","","","","to","https://www.reddit.com/r/creepy/","/r/creepy","","https://www.reddit.com/r/creepy/comments/4cf9om/a_mongolian_woman_condemned_to_die_of_starvation/","1178 comments","","1178","share","loading..."
"17","4871","4872","4873","http://i.imgur.com/o5F2tCa.jpg","","","https://b.thumbs.redditmedia.com/n9uUh_D3IHUlHMxwT2Gze82ziIKqFGSI1IzjJkiQF_U.jpg","","http://i.imgur.com/o5F2tCa.jpg","Yellowstone Area[OC][2036x1145]","","","","(","https://www.reddit.com/domain/i.imgur.com/","i.imgur.com","",")","submitted","11 hours ago","11","","by","https://www.reddit.com/user/Jager1966","Jager1966","","","","","","to","https://www.reddit.com/r/EarthPorn/","/r/EarthPorn","","https://www.reddit.com/r/EarthPorn/comments/4cf4eg/yellowstone_areaoc2036x1145/","139 comments","","139","share","loading..."
"18","1930","1931","1932","https://www.youtube.com/watch?v=wM75ulDRkhI","","","https://b.thumbs.redditmedia.com/JgKhncY_1UHynTmjGqUv4RkLdi8Q-vthCYqKLzpdh-g.jpg","","https://www.youtube.com/watch?v=wM75ulDRkhI","New Zealand creepy anti-phone driving.","","","","(","https://www.reddit.com/domain/youtube.com/","youtube.com","",")","submitted","6 hours ago","6","","by","https://www.reddit.com/user/EAK47","EAK47","","","","","","to","https://www.reddit.com/r/videos/","/r/videos","","https://www.reddit.com/r/videos/comments/4cgd0z/new_zealand_creepy_antiphone_driving/","216 comments","","216","share","loading..."
"19","977","978","979","http://imgur.com/UN5OjuL","","","https://a.thumbs.redditmedia.com/Km8-sSotRSGQomS0fRAnWgg8BrfoRYhsYEE39QNguS4.jpg","","http://imgur.com/UN5OjuL","Jimi's simple stage setup, circa 1968","","","","(","https://www.reddit.com/domain/imgur.com/","imgur.com","",")","submitted","2 hours ago","2","","by","https://www.reddit.com/user/uhkhu","uhkhu","","","","","","to","https://www.reddit.com/r/OldSchoolCool/","/r/OldSchoolCool","","https://www.reddit.com/r/OldSchoolCool/comments/4chd2i/jimis_simple_stage_setup_circa_1968/","96 comments","","96","share","loading..."
"20","1762","1763","1764","","","","","","https://www.reddit.com/r/AskReddit/comments/4cg6sb/how_can_you_make_your_job_sound_1_impressive_2/","How can you make your job sound 1) impressive 2) unimpressive?","","","","(","https://www.reddit.com/r/AskReddit/","self.AskReddit","",")","submitted","6 hours ago","6","","by","https://www.reddit.com/user/the_bouncer","the_bouncer","","","","","","to","https://www.reddit.com/r/AskReddit/","/r/AskReddit","","https://www.reddit.com/r/AskReddit/comments/4cg6sb/how_can_you_make_your_job_sound_1_impressive_2/","1913 comments","","1913","share","loading..."
"21","2790","2791","2792","","","","","","https://www.youtube.com/watch?v=s1JsBhRCRH0","Chet Faker - No Diggity [R&B] (Cover)","","","music streaming","(","https://www.reddit.com/domain/youtube.com/","youtube.com","",")","submitted","9 hours ago","9","","by","https://www.reddit.com/user/Surfincloud9","Surfincloud9","","","","","","to","https://www.reddit.com/r/Music/","/r/Music","","https://www.reddit.com/r/Music/comments/4cffny/chet_faker_no_diggity_rb_cover/","283 comments","","283","share","loading..."
"22","3637","3638","3639","https://www.youtube.com/watch?v=lSIWBdcnByU","","","https://b.thumbs.redditmedia.com/TEA4V9TWAto2meo8Jfk2GfvswzYXOmHQcrocc_xBPXE.jpg","","https://www.youtube.com/watch?v=lSIWBdcnByU","Middle school basketball team loses title game after final shot gets stuck on Rim","","","Basketball","(","https://www.reddit.com/domain/youtube.com/","youtube.com","",")","submitted","11 hours ago","11","","by","https://www.reddit.com/user/nottinghamshiree","nottinghamshiree","","","","","","to","https://www.reddit.com/r/sports/","/r/sports","","https://www.reddit.com/r/sports/comments/4cf3br/middle_school_basketball_team_loses_title_game/","654 comments","","654","share","loading..."
"23","5459","5460","5461","http://i.imgur.com/emYNzH8.jpg","","","https://b.thumbs.redditmedia.com/U-ddSL0744EtPTUiDvwBfVcZvyQFiFTo7mGm5L_mC_o.jpg","","http://i.imgur.com/emYNzH8.jpg","Chewing gum bin made from recycled chewing gum","","","","(","https://www.reddit.com/domain/i.imgur.com/","i.imgur.com","",")","submitted","13 hours ago","13","","by","https://www.reddit.com/user/Ollymotion","Ollymotion","","","","","","to","https://www.reddit.com/r/mildlyinteresting/","/r/mildlyinteresting","","https://www.reddit.com/r/mildlyinteresting/comments/4cepd3/chewing_gum_bin_made_from_recycled_chewing_gum/","410 comments","","410","share","loading..."
"24","1656","1657","1658","http://the-toast.net/2016/03/22/every-meal-in-wuthering-heights-ranked-in-order-of-sadness/","","","https://b.thumbs.redditmedia.com/XGZHkfYxa6eptAINwrvaKuyDXNmvEfZr8hb7j0inqkk.jpg","","http://the-toast.net/2016/03/22/every-meal-in-wuthering-heights-ranked-in-order-of-sadness/","Every meal mentioned in Wuthering Heights ranked in order of misery","","","","(","https://www.reddit.com/domain/the-toast.net/","the-toast.net","",")","submitted","8 hours ago","8","","by","https://www.reddit.com/user/lewdmoo","lewdmoo","","","","","","to","https://www.reddit.com/r/books/","/r/books","","https://www.reddit.com/r/books/comments/4cftao/every_meal_mentioned_in_wuthering_heights_ranked/","164 comments","","164","share","loading..."
"25","2533","2534","2535","http://vimg.club/img/sites/33/2016/03/6E2gvRO.jpg","","","https://b.thumbs.redditmedia.com/8N8IMBr1wRBUeNtnjpBTTupi5KdKm1A97m_kVBm5mtA.jpg","","http://vimg.club/img/sites/33/2016/03/6E2gvRO.jpg","[Image] I hated every minute of training...","","","","(","https://www.reddit.com/domain/vimg.club/","vimg.club","",")","submitted","10 hours ago","10","","by","https://www.reddit.com/user/OayxcP","OayxcP","","","","","","to","https://www.reddit.com/r/GetMotivated/","/r/GetMotivated","","https://www.reddit.com/r/GetMotivated/comments/4cf6i8/image_i_hated_every_minute_of_training/","104 comments","","104","share","loading..."